{"_timestamp":1.745126847810954e+09,"_runtime":26.268844667,"model":"Llama-3.2-1B","_wandb":{"runtime":27},"_step":1,"dataset":"squad"}