{"dataset":"squad","model":"Llama-2-7b","_wandb":{"runtime":34},"_timestamp":1.7450921259859464e+09,"_runtime":25.753007023,"_step":1}