{"_wandb":{"runtime":33},"dataset":"trivia_qa","_timestamp":1.7452572530126157e+09,"_runtime":27.022927333,"_step":1,"model":"Llama-3.2-1B"}