{"_runtime":10.027899178,"_step":1,"model":"Llama-3.2-1B","_wandb":{"runtime":11},"dataset":"svamp","_timestamp":1.7455209510577025e+09}