{"dataset":"squad","model":"Llama-2-7b-chat","_wandb":{"runtime":28},"_timestamp":1.7450923434738107e+09,"_runtime":27.439736932,"_step":1}