{"_timestamp":1.7452593784870877e+09,"_runtime":61.59008004,"_step":1,"model":"Llama-3.2-1B","_wandb":{"runtime":63},"dataset":"trivia_qa"}