{"_timestamp":1.7451270298910375e+09,"model":"Llama-2-7b","_wandb":{"runtime":30},"_runtime":24.995388737,"_step":1,"dataset":"squad"}