{"_wandb":{"runtime":32},"dataset":"squad","_timestamp":1.7450917842473931e+09,"_runtime":31.992551644,"_step":1,"model":"Llama-2-7b"}