{"_timestamp":1.7452576314646242e+09,"_runtime":12.421470205,"_step":1,"model":"Llama-3.2-1B","_wandb":{"runtime":13},"dataset":"trivia_qa"}