{"model":"Llama-3.2-1B","_wandb":{"runtime":14},"dataset":"trivia_qa","_timestamp":1.7452575051551597e+09,"_runtime":13.538946469999999,"_step":1}